State,Analyte,value
AL,PFBA,NA
AL,PFPeA,NA
AL,PFHpA,NA
AL,PFOA,NA
AL,PFNA,NA
AL,PFDA,0.4394620958612086
AL,PFHxS,NA
AL,PFOS,2.100344471216147
AR,PFBA,NA
AR,PFPeA,NA
AR,PFHpA,NA
AR,PFOA,NA
AR,PFNA,1.0031549078324578
AR,PFDA,0.2346445605375527
AR,PFHxS,3.658666805479087
AR,PFOS,1.7491859036001098
AZ,PFBA,NA
AZ,PFPeA,NA
AZ,PFHpA,NA
AZ,PFOA,NA
AZ,PFNA,NA
AZ,PFDA,1.5942167670916325
AZ,PFHxS,NA
AZ,PFOS,2.7899762922464753
CA,PFBA,NA
CA,PFPeA,NA
CA,PFHpA,NA
CA,PFOA,NA
CA,PFNA,1.751485408043107
CA,PFDA,5.715721200997686
CA,PFHxS,NA
CA,PFOS,5.344638354316945
CO,PFBA,159.9344416977036
CO,PFPeA,NA
CO,PFHpA,NA
CO,PFOA,NA
CO,PFNA,1.6396394010778792
CO,PFDA,0.6153396058330767
CO,PFHxS,3.5083106353909064
CO,PFOS,4.149154853487702
CT,PFBA,NA
CT,PFPeA,NA
CT,PFHpA,NA
CT,PFOA,NA
CT,PFNA,1.0239098369600257
CT,PFDA,0.5155190243360586
CT,PFHxS,NA
CT,PFOS,2.509093484383513
DE,PFBA,NA
DE,PFPeA,NA
DE,PFHpA,NA
DE,PFOA,NA
DE,PFNA,1.432090109802198
DE,PFDA,1.211747722071891
DE,PFHxS,NA
DE,PFOS,4.439859970611044
FL,PFBA,NA
FL,PFPeA,NA
FL,PFHpA,NA
FL,PFOA,NA
FL,PFNA,1.349070393291926
FL,PFDA,2.1146152362981403
FL,PFHxS,NA
FL,PFOS,11.504324663432262
GA,PFBA,NA
GA,PFPeA,NA
GA,PFHpA,NA
GA,PFOA,NA
GA,PFNA,1.400957716110846
GA,PFDA,0.6887861875365681
GA,PFHxS,4.360328932557269
GA,PFOS,19.572325252172842
IA,PFBA,NA
IA,PFPeA,NA
IA,PFHpA,NA
IA,PFOA,NA
IA,PFNA,1.2107041991081386
IA,PFDA,0.35712997433203686
IA,PFHxS,NA
IA,PFOS,1.5558009313682866
ID,PFBA,203.98418199579993
ID,PFPeA,NA
ID,PFHpA,187.90717019697055
ID,PFOA,NA
ID,PFNA,1.5254872908762547
ID,PFDA,0.4531642579102025
ID,PFHxS,NA
ID,PFOS,0.7868858965770466
IL,PFBA,NA
IL,PFPeA,NA
IL,PFHpA,NA
IL,PFOA,NA
IL,PFNA,2.00532148570646
IL,PFDA,1.6786803360506477
IL,PFHxS,NA
IL,PFOS,8.20992360570861
IN,PFBA,NA
IN,PFPeA,NA
IN,PFHpA,NA
IN,PFOA,NA
IN,PFNA,NA
IN,PFDA,0.8348389746952196
IN,PFHxS,4.260091485831815
IN,PFOS,2.4562549494005466
KS,PFBA,NA
KS,PFPeA,NA
KS,PFHpA,NA
KS,PFOA,NA
KS,PFNA,2.5805295215276325
KS,PFDA,0.3769881802001439
KS,PFHxS,4.360328932557269
KS,PFOS,2.412380548232306
KY,PFBA,NA
KY,PFPeA,NA
KY,PFHpA,NA
KY,PFOA,NA
KY,PFNA,1.4459267292205769
KY,PFDA,0.8527113599765159
KY,PFHxS,2.7565297849499975
KY,PFOS,6.107009771083544
LA,PFBA,NA
LA,PFPeA,NA
LA,PFHpA,NA
LA,PFOA,NA
LA,PFNA,0.8855436427762385
LA,PFDA,0.19604020832995261
LA,PFHxS,NA
LA,PFOS,1.2417072661854756
MA,PFBA,NA
MA,PFPeA,NA
MA,PFHpA,NA
MA,PFOA,NA
MA,PFNA,NA
MA,PFDA,0.6986911152634778
MA,PFHxS,6.565552760517267
MA,PFOS,7.96664159607559
MD,PFBA,NA
MD,PFPeA,NA
MD,PFHpA,NA
MD,PFOA,25.9652359641636
MD,PFNA,2.137757700139513
MD,PFDA,0.5328353798530479
MD,PFHxS,4.034557230699542
MD,PFOS,8.647155847523415
ME,PFBA,NA
ME,PFPeA,NA
ME,PFHpA,NA
ME,PFOA,NA
ME,PFNA,1.0169915272508363
ME,PFDA,0.5059870855193672
ME,PFHxS,NA
ME,PFOS,0.9044893303223986
MI,PFBA,232.78593526763217
MI,PFPeA,NA
MI,PFHpA,182.12541111398687
MI,PFOA,NA
MI,PFNA,3.6390309070336047
MI,PFDA,0.9872440853309851
MI,PFHxS,7.918758291310902
MI,PFOS,7.207582552955804
MN,PFBA,NA
MN,PFPeA,NA
MN,PFHpA,NA
MN,PFOA,NA
MN,PFNA,2.299184926687265
MN,PFDA,0.28246312026795445
MN,PFHxS,NA
MN,PFOS,0.681073299749984
MO,PFBA,NA
MO,PFPeA,NA
MO,PFHpA,NA
MO,PFOA,20.560707211441763
MO,PFNA,1.238377437944896
MO,PFDA,0.7548501214584845
MO,PFHxS,NA
MO,PFOS,3.8683601380844737
MS,PFBA,NA
MS,PFPeA,NA
MS,PFHpA,NA
MS,PFOA,NA
MS,PFNA,NA
MS,PFDA,0.32011427859388536
MS,PFHxS,NA
MS,PFOS,2.237768708401727
MT,PFBA,NA
MT,PFPeA,NA
MT,PFHpA,NA
MT,PFOA,NA
MT,PFNA,2.220777416649786
MT,PFDA,0.203348028089416
MT,PFHxS,NA
MT,PFOS,2.289743259644991
NC,PFBA,NA
NC,PFPeA,NA
NC,PFHpA,NA
NC,PFOA,NA
NC,PFNA,NA
NC,PFDA,0.7375905036725469
NC,PFHxS,NA
NC,PFOS,6.820244079004125
NE,PFBA,NA
NE,PFPeA,NA
NE,PFHpA,NA
NE,PFOA,NA
NE,PFNA,1.1461333084890377
NE,PFDA,0.5529135535400017
NE,PFHxS,NA
NE,PFOS,5.527833309922981
NH,PFBA,NA
NH,PFPeA,NA
NH,PFHpA,NA
NH,PFOA,NA
NH,PFNA,NA
NH,PFDA,0.34771718475055413
NH,PFHxS,NA
NH,PFOS,2.81125062127232
NJ,PFBA,NA
NJ,PFPeA,287.8850501984036
NJ,PFHpA,380.15065970617894
NJ,PFOA,182.10912101562704
NJ,PFNA,39.78028082783884
NJ,PFDA,20.143104928294807
NJ,PFHxS,3.1324202101704515
NJ,PFOS,24.4159263711207
NM,PFBA,NA
NM,PFPeA,NA
NM,PFHpA,NA
NM,PFOA,NA
NM,PFNA,NA
NM,PFDA,0.5584127490111697
NM,PFHxS,NA
NM,PFOS,1.1429996650531407
NV,PFBA,NA
NV,PFPeA,NA
NV,PFHpA,NA
NV,PFOA,NA
NV,PFNA,1.5012732068940917
NV,PFDA,0.5190935013923179
NV,PFHxS,NA
NV,PFOS,1.1091391258427514
NY,PFBA,NA
NY,PFPeA,NA
NY,PFHpA,121.41694074265791
NY,PFOA,NA
NY,PFNA,1.369825322419494
NY,PFDA,0.3543838681491329
NY,PFHxS,NA
NY,PFOS,1.0799034407684154
OH,PFBA,NA
OH,PFPeA,NA
OH,PFHpA,NA
OH,PFOA,NA
OH,PFNA,0.9201351913221852
OH,PFDA,0.45435575026228886
OH,PFHxS,NA
OH,PFOS,6.9438881385598314
OK,PFBA,NA
OK,PFPeA,NA
OK,PFHpA,NA
OK,PFOA,NA
OK,PFNA,1.6949858787513938
OK,PFDA,0.7471825177338813
OK,PFHxS,NA
OK,PFOS,6.458861419081314
OR,PFBA,NA
OR,PFPeA,NA
OR,PFHpA,NA
OR,PFOA,NA
OR,PFNA,1.5704563039859856
OR,PFDA,0.714498247134491
OR,PFHxS,NA
OR,PFOS,7.401748698029096
PA,PFBA,NA
PA,PFPeA,NA
PA,PFHpA,NA
PA,PFOA,NA
PA,PFNA,2.0236055899378886
PA,PFDA,0.8251084538198472
PA,PFHxS,NA
PA,PFOS,6.929848402789671
RI,PFBA,NA
RI,PFPeA,NA
RI,PFHpA,NA
RI,PFOA,NA
RI,PFNA,0.9685633592865109
RI,PFDA,0.5604780024214528
RI,PFHxS,NA
RI,PFOS,1.9608060149969428
SC,PFBA,NA
SC,PFPeA,NA
SC,PFHpA,NA
SC,PFOA,NA
SC,PFNA,6.610444927130436
SC,PFDA,2.945369094357635
SC,PFHxS,20.849388918894526
SC,PFOS,10.465384216440318
SD,PFBA,NA
SD,PFPeA,NA
SD,PFHpA,205.25244744592166
SD,PFOA,NA
SD,PFNA,2.6689301455894965
SD,PFDA,0.2708659280409799
SD,PFHxS,5.036931697954086
SD,PFOS,0.6696428410760623
TN,PFBA,NA
TN,PFPeA,NA
TN,PFHpA,NA
TN,PFOA,NA
TN,PFNA,NA
TN,PFDA,0.5226679784485772
TN,PFHxS,NA
TN,PFOS,4.242642976380776
TX,PFBA,NA
TX,PFPeA,NA
TX,PFHpA,NA
TX,PFOA,NA
TX,PFNA,1.6154253170957162
TX,PFDA,0.495622993313917
TX,PFHxS,NA
TX,PFOS,2.0459159157374263
UT,PFBA,NA
UT,PFPeA,NA
UT,PFHpA,NA
UT,PFOA,NA
UT,PFNA,1.1484394117254344
UT,PFDA,0.40669605617883203
UT,PFHxS,3.7087855288418146
UT,PFOS,0.30920453366755485
VA,PFBA,NA
VA,PFPeA,NA
VA,PFHpA,NA
VA,PFOA,NA
VA,PFNA,0.8924619524854279
VA,PFDA,0.8039736490030761
VA,PFHxS,NA
VA,PFOS,6.797591732215293
VT,PFBA,NA
VT,PFPeA,NA
VT,PFHpA,NA
VT,PFOA,NA
VT,PFNA,1.3283154641643578
VT,PFDA,0.4114620255871777
VT,PFHxS,NA
VT,PFOS,1.3768851456478297
WA,PFBA,NA
WA,PFPeA,NA
WA,PFHpA,NA
WA,PFOA,NA
WA,PFNA,1.0688788500697566
WA,PFDA,0.8004559096778686
WA,PFHxS,3.934319783974087
WA,PFOS,6.463035447099904
WI,PFBA,NA
WI,PFPeA,NA
WI,PFHpA,NA
WI,PFOA,NA
WI,PFNA,0.9062985719038066
WI,PFDA,0.4356890367462683
WI,PFHxS,NA
WI,PFOS,1.1421973944377029
WV,PFBA,NA
WV,PFPeA,NA
WV,PFHpA,NA
WV,PFOA,NA
WV,PFNA,NA
WV,PFDA,0.40335987759299
WV,PFHxS,NA
WV,PFOS,3.3259308172702373
WY,PFBA,NA
WY,PFPeA,NA
WY,PFHpA,NA
WY,PFOA,54.162777282712305
WY,PFNA,1.9976619285284287
WY,PFDA,0.2236033980748852
WY,PFHxS,NA
WY,PFOS,0.7346911141844465
AL,PFUnA,0.0929107349334556
AL,PFDoA,0.007557184253454769
AL,PFTrDA,0.008308024766948424
AL,PFTeDA,0.022552633645745154
AL,PFHpS,0.37226483324331383
AL,PFOSA,0.3085550749330398
AR,PFUnA,0.08950963254798007
AR,PFDoA,0.003464417051021962
AR,PFTrDA,0.007875941846218388
AR,PFTeDA,0.0071284664573427374
AR,PFHpS,NA
AR,PFOSA,NA
AZ,PFUnA,0.1277390779661159
AZ,PFDoA,0.03725380492283583
AZ,PFTrDA,0.05009974118844474
AZ,PFTeDA,0.13464881086091837
AZ,PFHpS,NA
AZ,PFOSA,NA
CA,PFUnA,0.32739847714004494
CA,PFDoA,0.06413648732201666
CA,PFTrDA,0.04226390830533209
CA,PFTeDA,0.07393410109948328
CA,PFHpS,0.3848839801329177
CA,PFOSA,NA
CO,PFUnA,0.0433706466985058
CO,PFDoA,0.005120204612172163
CO,PFTrDA,0.009954315388970462
CO,PFTeDA,NA
CO,PFHpS,0.4164318473569274
CO,PFOSA,NA
CT,PFUnA,0.20472527149781006
CT,PFDoA,0.015793665967894235
CT,PFTrDA,0.03126748912948699
CT,PFTeDA,0.027985831276975195
CT,PFHpS,0.26500208468168107
CT,PFOSA,0.1884991003227298
DE,PFUnA,0.3091971180284053
DE,PFDoA,0.03190999822975621
DE,PFTrDA,0.033199282643434455
DE,PFTeDA,0.041520190593645416
DE,PFHpS,NA
DE,PFOSA,NA
FL,PFUnA,0.13667026736983554
FL,PFDoA,0.017523448431044558
FL,PFTrDA,0.016309762906543908
FL,PFTeDA,0.030285560709119877
FL,PFHpS,0.4069674871897244
FL,PFOSA,NA
GA,PFUnA,0.13220395622409606
GA,PFDoA,0.011900996169729748
GA,PFTrDA,0.011743418228111428
GA,PFTeDA,0.021243663781648298
GA,PFHpS,1.5837029346452842
GA,PFOSA,NA
IA,PFUnA,0.06493732694128863
IA,PFDoA,0.0025558566969549274
IA,PFTrDA,0.00566630260602934
IA,PFTeDA,0.009171126436347382
IA,PFHpS,NA
IA,PFOSA,NA
ID,PFUnA,0.04890732500044272
ID,PFDoA,0.002050629210347558
ID,PFTrDA,0.007197735742794026
ID,PFTeDA,NA
ID,PFHpS,NA
ID,PFOSA,NA
IL,PFUnA,0.23346326839833975
IL,PFDoA,0.01100674167251769
IL,PFTrDA,0.01387353406958866
IL,PFTeDA,0.018269300730587454
IL,PFHpS,NA
IL,PFOSA,NA
IN,PFUnA,0.16074619861227823
IN,PFDoA,0.010280905803749185
IN,PFTrDA,0.010875606117278105
IN,PFTeDA,0.015340793311708347
IN,PFHpS,NA
IN,PFOSA,NA
KS,PFUnA,0.04864367365273144
KS,PFDoA,0.005604204053123762
KS,PFTrDA,0.007744676148781414
KS,PFTeDA,0.006711597073872402
KS,PFHpS,NA
KS,PFOSA,NA
KY,PFUnA,0.4777801839441273
KY,PFDoA,0.01140087572019319
KY,PFTrDA,0.02191772520260126
KY,PFTeDA,0.01713333166063079
KY,PFHpS,NA
KY,PFOSA,NA
LA,PFUnA,0.08242400257823938
LA,PFDoA,0.004245609131154365
LA,PFTrDA,0.007941574694936874
LA,PFTeDA,0.01113041253865796
LA,PFHpS,NA
LA,PFOSA,NA
MA,PFUnA,0.1881679668615416
MA,PFDoA,0.02183601688335313
MA,PFTrDA,0.026668814195945037
MA,PFTeDA,0.034174952056898106
MA,PFHpS,NA
MA,PFOSA,NA
MD,PFUnA,0.13277481870740135
MD,PFDoA,0.016843180545115598
MD,PFTrDA,0.022451903665782275
MD,PFTeDA,0.03519419769948308
MD,PFHpS,0.3186334589624974
MD,PFOSA,NA
ME,PFUnA,0.08397295424604315
ME,PFDoA,0.006872225980295198
ME,PFTrDA,0.02127598179290939
ME,PFTeDA,0.013152229048489086
ME,PFHpS,NA
ME,PFOSA,NA
MI,PFUnA,0.11326151719620521
MI,PFDoA,0.01588784129771257
MI,PFTrDA,0.01454496852989127
MI,PFTeDA,0.03903981776199692
MI,PFHpS,0.6183381975905892
MI,PFOSA,NA
MN,PFUnA,0.049443416074122316
MN,PFDoA,0.0027723827626438004
MN,PFTrDA,0.009680845185976767
MN,PFTeDA,0.015640939267806988
MN,PFHpS,NA
MN,PFOSA,NA
MO,PFUnA,0.1450477889433615
MO,PFDoA,0.009749805502522045
MO,PFTrDA,0.011551381374453634
MO,PFTeDA,0.01741680284139062
MO,PFHpS,NA
MO,PFOSA,NA
MS,PFUnA,0.10743792419234721
MS,PFDoA,0.004283819613334754
MS,PFTrDA,0.006731013263018121
MS,PFTeDA,0.008670883176182979
MS,PFHpS,NA
MS,PFOSA,NA
MT,PFUnA,0.03499971640867262
MT,PFDoA,0.0019020328907571557
MT,PFTrDA,NA
MT,PFTeDA,NA
MT,PFHpS,NA
MT,PFOSA,NA
NC,PFUnA,0.17854845911790426
NC,PFDoA,0.01870251473832514
NC,PFTrDA,0.021695302770833057
NC,PFTeDA,0.029959013025401444
NC,PFHpS,NA
NC,PFOSA,NA
NE,PFUnA,0.061998628457952884
NE,PFDoA,0.004112175701318084
NE,PFTrDA,0.0055569145248318625
NE,PFTeDA,0.00937956112808255
NE,PFHpS,NA
NE,PFOSA,NA
NH,PFUnA,0.12474004388590004
NH,PFDoA,0.007990236384832514
NH,PFTrDA,0.016156619592867443
NH,PFTeDA,0.011693186206342911
NH,PFHpS,NA
NH,PFOSA,NA
NJ,PFUnA,1.3013391104116
NJ,PFDoA,0.1401334053889684
NJ,PFTrDA,0.08317140440381547
NJ,PFTeDA,0.11574378432053865
NJ,PFHpS,0.7760775337106374
NJ,PFOSA,0.47087374465539045
NM,PFUnA,0.10374680532438926
NM,PFDoA,0.006860904355945455
NM,PFTrDA,0.010435622946239363
NM,PFTeDA,0.012297646812374897
NM,PFHpS,NA
NM,PFOSA,NA
NV,PFUnA,0.06571509841703692
NV,PFDoA,0.011115004705362128
NV,PFTrDA,0.008619780798361235
NV,PFTeDA,0.021135277741946012
NV,PFHpS,NA
NV,PFOSA,NA
NY,PFUnA,0.154584434834861
NY,PFDoA,0.009146255099686832
NY,PFTrDA,0.02127850613324472
NY,PFTeDA,0.017053747505604636
NY,PFHpS,NA
NY,PFOSA,0.16605873123669052
OH,PFUnA,0.1213455327841173
OH,PFDoA,0.011219729730597268
OH,PFTrDA,0.011420115677016661
OH,PFTeDA,0.021718894878804483
OH,PFHpS,NA
OH,PFOSA,0.212061487863071
OK,PFUnA,0.11665796691083878
OK,PFDoA,0.006068036850702376
OK,PFTrDA,0.007222044205282355
OK,PFTeDA,0.025470719330037504
OK,PFHpS,NA
OK,PFOSA,0.42075692036323614
OR,PFUnA,0.04591927639304819
OR,PFDoA,0.0035832941066942844
OR,PFTrDA,NA
OR,PFTeDA,0.015924410448566816
OR,PFHpS,NA
OR,PFOSA,NA
PA,PFUnA,0.19747485943574983
PA,PFDoA,0.02293599355767621
PA,PFTrDA,0.021757289350178295
PA,PFTeDA,0.027450848901521593
PA,PFHpS,NA
PA,PFOSA,NA
RI,PFUnA,0.13087652900388014
RI,PFDoA,0.010457784411859431
RI,PFTrDA,0.017909016653651032
RI,PFTeDA,0.023167515986363896
RI,PFHpS,NA
RI,PFOSA,0.22552570931469457
SC,PFUnA,0.26068527004952957
SC,PFDoA,0.024709445143318406
SC,PFTrDA,0.0190554037446006
SC,PFTeDA,0.028242900730115233
SC,PFHpS,0.33440739257450225
SC,PFOSA,NA
SD,PFUnA,0.03873038297878725
SD,PFDoA,0.004296556440728218
SD,PFTrDA,NA
SD,PFTeDA,0.008128952977671543
SD,PFHpS,NA
SD,PFOSA,NA
TN,PFUnA,0.16221149167936594
TN,PFDoA,0.0082025168413902335
TN,PFTrDA,0.013600584762219715
TN,PFTeDA,0.014757176174849876
TN,PFHpS,NA
TN,PFOSA,NA
TX,PFUnA,0.09030686400415465
TX,PFDoA,0.00701752015945026
TX,PFTrDA,0.008731356641182662
TX,PFTeDA,0.030598212746722628
TX,PFHpS,NA
TX,PFOSA,NA
UT,PFUnA,0.04943462769586527
UT,PFDoA,0.0025388742604303106
UT,PFTrDA,0.0061257325470587464
UT,PFTeDA,0.006628223197178335
UT,PFHpS,NA
UT,PFOSA,NA
VA,PFUnA,0.2397155717869216
VA,PFDoA,0.014289507304285262
VA,PFTrDA,0.017858385598925344
VA,PFTeDA,0.016410758062615542
VA,PFHpS,0.37857440668811576
VA,PFOSA,NA
VT,PFUnA,0.09855287377447702
VT,PFDoA,0.007380566913598748
VT,PFTrDA,0.013514897431948357
VT,PFTeDA,0.02490794566235255
VT,PFHpS,NA
VT,PFOSA,NA
WA,PFUnA,0.15949023312620308
WA,PFDoA,0.023274429256988225
WA,PFTrDA,0.0200180188591384
WA,PFTeDA,0.058570148377582135
WA,PFHpS,0.33440739257450225
WA,PFOSA,0.7517523643823153
WI,PFUnA,0.09143631547356251
WI,PFDoA,0.00656436488740021
WI,PFTrDA,0.009998070621449452
WI,PFTeDA,0.019309389842345943
WI,PFHpS,NA
WI,PFOSA,NA
WV,PFUnA,0.12755452202271797
WV,PFDoA,0.0064601188539644815
WV,PFTrDA,0.011463870909495652
WV,PFTeDA,0.019988886937402587
WV,PFHpS,NA
WV,PFOSA,NA
WY,PFUnA,0.03473606506096134
WY,PFDoA,0.0024115059864956794
WY,PFTrDA,0.006235120628256223
WY,PFTeDA,NA
WY,PFHpS,NA
WY,PFOSA,NA
